Word,Count
*,90
Varad,57
Parlikar,57
data,34
file,33
Date:,31
@author:,31
Created,31
2019/06/25,31
Class,30
,30
type,27
@author,26
Day5,26
method,26
:,26
return,26
Assignment1,26
to,25
and,24
employee,21
methods,21
@String,19
void,18
the,17
from,16
input,16
by,14
output,13
provides,13
used,13
read,11
a,9
into,9
of,8
using,8
print,7
in,7
@ArrayList,7
as,6
is,6
key,6
for,6
sorts,6
contains,6
list,5
sorting,5
purpose,5
its,5
comparator,5
ArrayList,5
RowReader,5
on,5
implement,5
implements,5
details,4
comma,4
BaseEmployee,4
array,4
structure,4
class,4
RowPrinter,4
printRows,4
separeted,4
test,4
GeneralEmployee,4
prints,4
readFile,4
based,4
abstract,4
it,3
RowToFileConverter,3
searches,3
reading,3
convertToFile,3
converts,3
convert,2
@File,2
recursively,2
EmployeeSearch,2
puts,2
matched,2
files,2
provided,2
general,2
provideDetails,2
DirectoryListing,2
extensions,2
given,2
store,2
name,2
out,1
tabular,1
console,1
HashMap,1
SortingByEmpCode,1
sort,1
TreeMap,1
writes,1
printRowsFromList,1
SortingByLastName,1
them,1
sortByLastName,1
Map.entrySet(),1
names,1
for-each,1
create,1
sortBySalary,1
column,1
sortByFirstName,1
sortByEmpCode,1
over,1
checks,1
sortByColumn,1
iteration,1
found,1
also,1
salary,1
boolean,1
SortingByFirstName,1
SortedEmployee.txt,1
TestEmployeesSortedList,1
SortingByEmpType,1
parameters,1
TestRowPrinter,1
provide,1
setFilePath,1
loop,1
with,1
searchFilesWithExtensions,1
returns,1
outputs,1
if,1
resultant,1
sortByEmpType,1
writing,1
columns,1
@int,1
last,1
certain,1
reads,1
TestRowToFileConverter,1
code,1
object,1
arraylist,1
accept,1
filepath,1
format,1
SortingBySalary,1
employees,1
*Class,1
directory,1
basic,1
printInTabularFormat,1
filter,1
TestEmployeeSearch,1
@String[],1
TestDirectoryListing,1
search,1
searchEmployee,1
set,1
filters,1
rows,1
EmployeesSortedList,1
treemap,1
EmployeeSortedList,1
first,1
inputs,1
hashmap,1
